"DESCRIPTION","DURATION IN MS","NAME","PARENT SUITE","START TIME","STATUS","STOP TIME","SUB SUITE","SUITE","TEST CLASS","TEST METHOD"
"","2546","authenticate as admin","Hris-Ascendiz-UI-Setup","2026-09-29","passed","2026-09-29","","projects\hris-ascendiz\tests\ui\setup\auth.setup.ts","",""
"","1916","OL-014: Mengedit data office dengan tidak semua required field terisi","Hris-Ascendiz-UI","2026-09-29","passed","2026-09-29","Office List - Edit Office Negative Cases [In Progress]","projects\hris-ascendiz\tests\ui\office-list\office-list.spec.ts","",""
"","2032","OL-013: Membuat data office baru dengan invalid value","Hris-Ascendiz-UI","2026-09-29","passed","2026-09-29","Office List - Office Negative Cases [In Progress]","projects\hris-ascendiz\tests\ui\office-list\office-list.spec.ts","",""
"","2217","OL-008: Membuat lokasi baru dengan tidak semua required field terisi","Hris-Ascendiz-UI","2026-09-29","passed","2026-09-29","Office List - Location Negative Cases [In Progress]","projects\hris-ascendiz\tests\ui\office-list\office-list.spec.ts","",""
"","1","OL-011: Melakukan edit data lokasi dengan value yang tidak sesuai","Hris-Ascendiz-UI","2026-09-29","skipped","2026-09-29","Office List - Edit Location Negative Cases [In Progress]","projects\hris-ascendiz\tests\ui\office-list\office-list.spec.ts","",""
"","17294","OL-007: Menghapus data office yang telah dibuat di sistem","Hris-Ascendiz-UI","2026-09-29","passed","2026-09-29","Office List - Office CRUD Flow [In Progress]","projects\hris-ascendiz\tests\ui\office-list\office-list.spec.ts","",""
"","1","OL-004: Menghapus data lokasi pada sistem","Hris-Ascendiz-UI","2026-09-29","skipped","2026-09-29","Office List - Location CRUD Flow [Done]","projects\hris-ascendiz\tests\ui\office-list\office-list.spec.ts","",""
"","4","OL-003: Melakukan edit data pada lokasi yang telah dibuat","Hris-Ascendiz-UI","2026-09-29","skipped","2026-09-29","Office List - Location CRUD Flow [Done]","projects\hris-ascendiz\tests\ui\office-list\office-list.spec.ts","",""
"","4091","OL-002: Sistem otomatis membuat data office baru setelah membuat lokasi","Hris-Ascendiz-UI","2026-09-29","failed","2026-09-29","Office List - Auto Create Office From Location [In Progress]","projects\hris-ascendiz\tests\ui\office-list\office-list.spec.ts","",""
"","2328","OL-009: Membuat lokasi baru dengan value yang tidak sesuai","Hris-Ascendiz-UI","2026-09-29","passed","2026-09-29","Office List - Location Negative Cases [In Progress]","projects\hris-ascendiz\tests\ui\office-list\office-list.spec.ts","",""
"","3764","Prerequisite: Buat lokasi valid untuk edit","Hris-Ascendiz-UI","2026-09-29","failed","2026-09-29","Office List - Edit Location Negative Cases [In Progress]","projects\hris-ascendiz\tests\ui\office-list\office-list.spec.ts","",""
"","2159","OL-012: Membuat data office baru dengan tidak semua required field terisi","Hris-Ascendiz-UI","2026-09-29","passed","2026-09-29","Office List - Office Negative Cases [In Progress]","projects\hris-ascendiz\tests\ui\office-list\office-list.spec.ts","",""
"","3","OL-010: Melakukan edit data lokasi dengan tidak semua required field terisi","Hris-Ascendiz-UI","2026-09-29","skipped","2026-09-29","Office List - Edit Location Negative Cases [In Progress]","projects\hris-ascendiz\tests\ui\office-list\office-list.spec.ts","",""
"","2353","OL-005: Membuat data office baru dengan valid required field","Hris-Ascendiz-UI","2026-09-29","passed","2026-09-29","Office List - Office CRUD Flow [In Progress]","projects\hris-ascendiz\tests\ui\office-list\office-list.spec.ts","",""
"","3895","OL-001: Membuat lokasi baru dengan valid required field","Hris-Ascendiz-UI","2026-09-29","failed","2026-09-29","Office List - Location CRUD Flow [Done]","projects\hris-ascendiz\tests\ui\office-list\office-list.spec.ts","",""
"","2001","OL-015: Mengedit data office dengan invalid value","Hris-Ascendiz-UI","2026-09-29","passed","2026-09-29","Office List - Edit Office Negative Cases [In Progress]","projects\hris-ascendiz\tests\ui\office-list\office-list.spec.ts","",""
"","2154","OL-006: Mengedit data office yang telah dibuat dengan valid value","Hris-Ascendiz-UI","2026-09-29","passed","2026-09-29","Office List - Office CRUD Flow [In Progress]","projects\hris-ascendiz\tests\ui\office-list\office-list.spec.ts","",""
"","2387","Prerequisite: Buat office valid untuk edit","Hris-Ascendiz-UI","2026-09-29","passed","2026-09-29","Office List - Edit Office Negative Cases [In Progress]","projects\hris-ascendiz\tests\ui\office-list\office-list.spec.ts","",""
